<manialink id="6"><frame posn="-64.2 48.2 0">
<quad sizen="39.5 2.5" style="Bgs1InRace" substyle="NavButton"/>
<quad posn="1 -0.2 2" sizen="2 2" style="Icons128x128_1" substyle="Coppers"/>
<label posn="4 -0.4 2" textsize="1" textcolor="dddf" text="$f6fDonate:"/>
<format textsize="1" textcolor="ffff"/>
<label posn="10 -0.4 2" sizen="2.4 1.5" text="%COP1% C" action="30"/>
<label posn="13.5 -0.4 2" sizen="2.4 1.5" text="%COP2% C" action="31"/>
<label posn="17 -0.4 2" sizen="3 1.5" text="%COP3% C" action="32"/>
<label posn="21 -0.4 2" sizen="3 1.5" text="%COP4% C" action="33"/>
<label posn="25 -0.4 2" sizen="3 1.5" text="%COP5% C" action="34"/>
<label posn="29 -0.4 2" sizen="4 1.5" text="%COP6% C" action="35"/>
<label posn="34 -0.4 2" sizen="4 1.5" text="%COP7% C" action="36"/>
</frame></manialink>
