<!-- donate panel made by nouseforname -->
<manialink id="6"><frame posn="57.2 -4.5 0">
<quad sizen="7.7 19.5" style="Bgs1InRace" substyle="NavButton"/>
<label posn="0.5 -0.8 2" style="TextCardSmallScores2Rank" text="$f6fDonate:"/>
<format style="TextCardSmallScores2"/>
<label posn="6.3 -3.5 2" sizen="3.8 2" halign="right" text="%COP1% C" action="30"/>
<label posn="6.3 -5.7 2" sizen="3.8 2" halign="right" text="%COP2% C" action="31"/>
<label posn="6.3 -7.9 2" sizen="4.8 2" halign="right" text="%COP3% C" action="32"/>
<label posn="6.3 -10.1 2" sizen="4.8 2" halign="right" text="%COP4% C" action="33"/>
<label posn="6.3 -12.3 2" sizen="4.8 2" halign="right" text="%COP5% C" action="34"/>
<label posn="6.3 -14.5 2" sizen="5.8 2" halign="right" text="%COP6% C" action="35"/>
<label posn="6.3 -16.7 2" sizen="5.8 2" halign="right" text="%COP7% C" action="36"/>
</frame></manialink>
