<manialink id="6"><frame posn="11.7 -45.6 0">
<quad sizen="40.8 2.5" style="Bgs1InRace" substyle="NavButton"/>
<quad posn="1.5 -0.3 2" sizen="2 2" style="Icons128x128_1" substyle="Coppers"/>
<label posn="4.5 -0.6 2" textsize="1" textcolor="dddf" text="$f6fDonate:"/>
<format textsize="1" textcolor="ffff"/>
<label posn="11 -0.6 2" sizen="2.4 1.5" text="%COP1% C" action="30"/>
<label posn="14.5 -0.6 2" sizen="2.4 1.5" text="%COP2% C" action="31"/>
<label posn="18 -0.6 2" sizen="3 1.5" text="%COP3% C" action="32"/>
<label posn="22 -0.6 2" sizen="3 1.5" text="%COP4% C" action="33"/>
<label posn="26 -0.6 2" sizen="3 1.5" text="%COP5% C" action="34"/>
<label posn="30 -0.6 2" sizen="4 1.5" text="%COP6% C" action="35"/>
<label posn="35 -0.6 2" sizen="4 1.5" text="%COP7% C" action="36"/>
</frame></manialink>
